11,7,8,9,10,,,,,,,,,,,,,,,,CLO 1,,,,,,,,,,,CLO 2,,,,,,,,,,,CLO 3,,,,,,,,,,,,CLO 4,,,,,,,,,,,,,,,,,,,,,,
12,Student marks per CLOs,,,,CLOs total marks,,,,,,,,,,,,,,,GAs Attained (Y/N),,,,,,,,,,,GAs Attained (Y/N),,,,,,,,,,,GAs Attained (Y/N),,,,,,,,,,,,GAs Attained (Y/N),,,,,,,,,,,,,,,,,,,,,,
14,1,2,3,0,1,2,3,0,,,,,,,,,,,,1,2,3,4,5,6,7,8,9,10,,1,2,3,4,5,6,7,8,9,10,,1,2,3,4,5,6,7,8,9,10,1,,1,2,3,4,5,6,7,8,9,10,,,,,,,,,,,,,
16,23,24,22,0,31,34,35,0,,,,,,,,,,,,,0.74193548387096775,,,,,,,,,,,,,,0.70588235294117652,,,,,,,,,0.62857142857142856,,,,,,,,,,,,,,,,,,,,,,,,,,,,,,,,
17,20,19,28,0,31,34,35,0,,,,,,,,,,,,,0.64516129032258063,,,,,,,,,,,,,,0.55882352941176472,,,,,,,,,0.8,,,,,,,,,,,,,,,,,,,,,,,,,,,,,,,,
18,18,22,27,0,31,34,35,0,,,,,,,,,,,,,0.58064516129032262,,,,,,,,,,,,,,0.6470588235294118,,,,,,,,,0.77142857142857146,,,,,,,,,,,,,,,,,,,,,,,,,,,,,,,,
19,22,22,23,0,31,34,35,0,,,,,,,,,,,,,0.70967741935483875,,,,,,,,,,,,,,0.6470588235294118,,,,,,,,,0.65714285714285714,,,,,,,,,,,,,,,,,,,,,,,,,,,,,,,,
20,26,30,32,0,31,34,35,0,,,,,,,,,,,,,0.83870967741935487,,,,,,,,,,,,,,0.88235294117647056,,,,,,,,,0.91428571428571426,,,,,,,,,,,,,,,,,,,,,,,,,,,,,,,,
21,21,25,22,0,31,34,35,0,,,,,,,,,,,,,0.67741935483870963,,,,,,,,,,,,,,0.73529411764705888,,,,,,,,,0.62857142857142856,,,,,,,,,,,,,,,,,,,,,,,,,,,,,,,,
22,23,24,27,0,31,34,35,0,,,,,,,,,,,,,0.74193548387096775,,,,,,,,,,,,,,0.70588235294117652,,,,,,,,,0.77142857142857146,,,,,,,,,,,,,,,,,,,,,,,,,,,,,,,,
23,24,25,26,0,31,34,35,0,,,,,,,,,,,,,0.77419354838709675,,,,,,,,,,,,,,0.73529411764705888,,,,,,,,,0.74285714285714288,,,,,,,,,,,,,,,,,,,,,,,,,,,,,,,,
24,25,29,27,0,31,34,35,0,,,,,,,,,,,,,0.80645161290322576,,,,,,,,,,,,,,0.8529411764705882,,,,,,,,,0.77142857142857146,,,,,,,,,,,,,,,,,,,,,,,,,,,,,,,,
25,24,30,27,0,31,34,35,0,,,,,,,,,,,,,0.77419354838709675,,,,,,,,,,,,,,0.88235294117647056,,,,,,,,,0.77142857142857146,,,,,,,,,,,,,,,,,,,,,,,,,,,,,,,,
26,23,26,25,0,31,34,35,0,,,,,,,,,,,,,0.74193548387096775,,,,,,,,,,,,,,0.76470588235294112,,,,,,,,,0.7142857142857143,,,,,,,,,,,,,,,,,,,,,,,,,,,,,,,,
27,25,28,28,0,31,34,35,0,,,,,,,,,,,,,0.80645161290322576,,,,,,,,,,,,,,0.82352941176470584,,,,,,,,,0.8,,,,,,,,,,,,,,,,,,,,,,,,,,,,,,,,
28,16,19,25,0,31,34,35,0,,,,,,,,,,,,,0.5161290322580645,,,,,,,,,,,,,,0.55882352941176472,,,,,,,,,0.7142857142857143,,,,,,,,,,,,,,,,,,,,,,,,,,,,,,,,
29,20,22,20,0,31,34,35,0,,,,,,,,,,,,,0.64516129032258063,,,,,,,,,,,,,,0.6470588235294118,,,,,,,,,0.5714285714285714,,,,,,,,,,,,,,,,,,,,,,,,,,,,,,,,
30,26,34,28,0,31,34,35,0,,,,,,,,,,,,,0.83870967741935487,,,,,,,,,,,,,,1,,,,,,,,,0.8,,,,,,,,,,,,,,,,,,,,,,,,,,,,,,,,
31,19,16,14,0,31,34,35,0,,,,,,,,,,,,,0.61290322580645162,,,,,,,,,,,,,,0.47058823529411764,,,,,,,,,0.4,,,,,,,,,,,,,,,,,,,,,,,,,,,,,,,,
32,24,28,29,0,31,34,35,0,,,,,,,,,,,,,0.77419354838709675,,,,,,,,,,,,,,0.82352941176470584,,,,,,,,,0.82857142857142863,,,,,,,,,,,,,,,,,,,,,,,,,,,,,,,,
33,18,23,26,0,31,34,35,0,,,,,,,,,,,,,0.58064516129032262,,,,,,,,,,,,,,0.67647058823529416,,,,,,,,,0.74285714285714288,,,,,,,,,,,,,,,,,,,,,,,,,,,,,,,,
34,20,20,20,0,31,34,35,0,,,,,,,,,,,,,0.64516129032258063,,,,,,,,,,,,,,0.58823529411764708,,,,,,,,,0.5714285714285714,,,,,,,,,,,,,,,,,,,,,,,,,,,,,,,,
35,24,28,25,0,31,34,35,0,,,,,,,,,,,,,0.77419354838709675,,,,,,,,,,,,,,0.82352941176470584,,,,,,,,,0.7142857142857143,,,,,,,,,,,,,,,,,,,,,,,,,,,,,,,,
36,21,22,24,0,31,34,35,0,,,,,,,,,,,,,0.67741935483870963,,,,,,,,,,,,,,0.6470588235294118,,,,,,,,,0.68571428571428572,,,,,,,,,,,,,,,,,,,,,,,,,,,,,,,,
37,27,31,30,0,31,34,35,0,,,,,,,,,,,,,0.87096774193548387,,,,,,,,,,,,,,0.91176470588235292,,,,,,,,,0.8571428571428571,,,,,,,,,,,,,,,,,,,,,,,,,,,,,,,,
38,18,20,22,0,31,34,35,0,,,,,,,,,,,,,0.58064516129032262,,,,,,,,,,,,,,0.58823529411764708,,,,,,,,,0.62857142857142856,,,,,,,,,,,,,,,,,,,,,,,,,,,,,,,,
39,23,24,27,0,31,34,35,0,,,,,,,,,,,,,0.74193548387096775,,,,,,,,,,,,,,0.70588235294117652,,,,,,,,,0.77142857142857146,,,,,,,,,,,,,,,,,,,,,,,,,,,,,,,,
40,17,20,23,0,31,34,35,0,,,,,,,,,,,,,0.54838709677419351,,,,,,,,,,,,,,0.58823529411764708,,,,,,,,,0.65714285714285714,,,,,,,,,,,,,,,,,,,,,,,,,,,,,,,,
41,18,19,23,0,31,34,35,0,,,,,,,,,,,,,0.58064516129032262,,,,,,,,,,,,,,0.55882352941176472,,,,,,,,,0.65714285714285714,,,,,,,,,,,,,,,,,,,,,,,,,,,,,,,,
42,23,26,25,0,31,34,35,0,,,,,,,,,,,,,0.74193548387096775,,,,,,,,,,,,,,0.76470588235294112,,,,,,,,,0.7142857142857143,,,,,,,,,,,,,,,,,,,,,,,,,,,,,,,,
43,23,27,24,0,31,34,35,0,,,,,,,,,,,,,0.74193548387096775,,,,,,,,,,,,,,0.79411764705882348,,,,,,,,,0.68571428571428572,,,,,,,,,,,,,,,,,,,,,,,,,,,,,,,,
44,22,23,22,0,31,34,35,0,,,,,,,,,,,,,0.70967741935483875,,,,,,,,,,,,,,0.67647058823529416,,,,,,,,,0.62857142857142856,,,,,,,,,,,,,,,,,,,,,,,,,,,,,,,,
45,0,0,0,0,31,34,35,0,,,,,,,,,,,,,0,,,,,,,,,,,,,,0,,,,,,,,,0,,,,,,,,,,,,,,,,,,,,,,,,,,,,,,,,
46,26,30,26,0,31,34,35,0,,,,,,,,,,,,,0.83870967741935487,,,,,,,,,,,,,,0.88235294117647056,,,,,,,,,0.74285714285714288,,,,,,,,,,,,,,,,,,,,,,,,,,,,,,,,
47,23,18,19,0,31,34,35,0,,,,,,,,,,,,,0.74193548387096775,,,,,,,,,,,,,,0.52941176470588236,,,,,,,,,0.54285714285714282,,,,,,,,,,,,,,,,,,,,,,,,,,,,,,,,
48,19,18,23,0,31,34,35,0,,,,,,,,,,,,,0.61290322580645162,,,,,,,,,,,,,,0.52941176470588236,,,,,,,,,0.65714285714285714,,,,,,,,,,,,,,,,,,,,,,,,,,,,,,,,
49,24,30,27,0,31,34,35,0,,,,,,,,,,,,,0.77419354838709675,,,,,,,,,,,,,,0.88235294117647056,,,,,,,,,0.77142857142857146,,,,,,,,,,,,,,,,,,,,,,,,,,,,,,,,
50,22,20,26,0,31,34,35,0,,,,,,,,,,,,,0.70967741935483875,,,,,,,,,,,,,,0.58823529411764708,,,,,,,,,0.74285714285714288,,,,,,,,,,,,,,,,,,,,,,,,,,,,,,,,
51,24,28,29,0,31,34,35,0,,,,,,,,,,,,,0.77419354838709675,,,,,,,,,,,,,,0.82352941176470584,,,,,,,,,0.82857142857142863,,,,,,,,,,,,,,,,,,,,,,,,,,,,,,,,
52,16,20,24,0,31,34,35,0,,,,,,,,,,,,,0.5161290322580645,,,,,,,,,,,,,,0.58823529411764708,,,,,,,,,0.68571428571428572,,,,,,,,,,,,,,,,,,,,,,,,,,,,,,,,
53,23,22,22,0,31,34,35,0,,,,,,,,,,,,,0.74193548387096775,,,,,,,,,,,,,,0.6470588235294118,,,,,,,,,0.62857142857142856,,,,,,,,,,,,,,,,,,,,,,,,,,,,,,,,
54,17,20,23,0,31,34,35,0,,,,,,,,,,,,,0.54838709677419351,,,,,,,,,,,,,,0.58823529411764708,,,,,,,,,0.65714285714285714,,,,,,,,,,,,,,,,,,,,,,,,,,,,,,,,
55,18,21,23,0,31,34,35,0,,,,,,,,,,,,,0.58064516129032262,,,,,,,,,,,,,,0.61764705882352944,,,,,,,,,0.65714285714285714,,,,,,,,,,,,,,,,,,,,,,,,,,,,,,,,
56,23,28,30,0,31,34,35,0,,,,,,,,,,,,,0.74193548387096775,,,,,,,,,,,,,,0.82352941176470584,,,,,,,,,0.8571428571428571,,,,,,,,,,,,,,,,,,,,,,,,,,,,,,,,
57,21,20,21,0,31,34,35,0,,,,,,,,,,,,,0.67741935483870963,,,,,,,,,,,,,,0.58823529411764708,,,,,,,,,0.6,,,,,,,,,,,,,,,,,,,,,,,,,,,,,,,,
58,16,22,22,0,31,34,35,0,,,,,,,,,,,,,0.5161290322580645,,,,,,,,,,,,,,0.6470588235294118,,,,,,,,,0.62857142857142856,,,,,,,,,,,,,,,,,,,,,,,,,,,,,,,,
59,23,23,28,0,31,34,35,0,,,,,,,,,,,,,0.74193548387096775,,,,,,,,,,,,,,0.67647058823529416,,,,,,,,,0.8,,,,,,,,,,,,,,,,,,,,,,,,,,,,,,,,
60,22,20,21,0,31,34,35,0,,,,,,,,,,,,,0.70967741935483875,,,,,,,,,,,,,,0.58823529411764708,,,,,,,,,0.6,,,,,,,,,,,,,,,,,,,,,,,,,,,,,,,,
61,20,24,25,0,31,34,35,0,,,,,,,,,,,,,0.64516129032258063,,,,,,,,,,,,,,0.70588235294117652,,,,,,,,,0.7142857142857143,,,,,,,,,,,,,,,,,,,,,,,,,,,,,,,,
62,0,0,0,0,31,34,35,0,,,,,,,,,,,,,0,,,,,,,,,,,,,,0,,,,,,,,,0,,,,,,,,,,,,,,,,,,,,,,,,,,,,,,,,
63,0,0,0,0,31,34,35,0,,,,,,,,,,,,,0,,,,,,,,,,,,,,0,,,,,,,,,0,,,,,,,,,,,,,,,,,,,,,,,,,,,,,,,,
64,0,0,0,0,31,34,35,0,,,,,,,,,,,,,0,,,,,,,,,,,,,,0,,,,,,,,,0,,,,,,,,,,,,,,,,,,,,,,,,,,,,,,,,
65,0,0,0,0,31,34,35,0,,,,,,,,,,,,,0,,,,,,,,,,,,,,0,,,,,,,,,0,,,,,,,,,,,,,,,,,,,,,,,,,,,,,,,,
